{
    "eps": 0.01,
    "verbose": 0,
    "verboseMultiHorizon": true,
    "verboseEssential": 0,
    "scoreFunction": "worstLowerBound",
    "virtualBranching": false,
    "numberOfVirtualBranches": 8,
    "maxSearchDepthLipschitzBound": 3,
    "normToUseLipschitz": 2,
    "useTwoNormDilation": false,
    "useSdpForLipschitzCalculation": true,
    "lipschitzSdpSolverVerbose": false,
    "lipMethod": 1,
    "finalHorizon": 10,
    "InitialZonotope": false,
    "initialGD": false,
    "performMultiStepSingleHorizon": false,
    "plotProjectionsOfHigherDims": true,
    "onlyPcaDirections": true,
    "fullLoop": false,
    "spaceOutThreshold": 20000,
    "nodeBranchingFactor": 2,
    "branchNodeNum": 512,
    "pgdIterNum": 0,
    "pgdNumberOfInitializations": 1,
    "pgdStepSize": 0.5,
    "A": [
        [
            1.0,
            0.0,
            0.0,
            0.10000000149011612,
            0.0,
            0.0
        ],
        [
            0.0,
            1.0,
            0.0,
            0.0,
            0.10000000149011612,
            0.0
        ],
        [
            0.0,
            0.0,
            1.0,
            0.0,
            0.0,
            0.10000000149011612
        ],
        [
            0.0,
            0.0,
            0.0,
            1.0,
            0.0,
            0.0
        ],
        [
            0.0,
            0.0,
            0.0,
            0.0,
            1.0,
            0.0
        ],
        [
            0.0,
            0.0,
            0.0,
            0.0,
            0.0,
            1.0
        ]
    ],
    "B": [
        [
            0.0,
            0.0,
            0.0
        ],
        [
            0.0,
            0.0,
            0.0
        ],
        [
            0.0,
            0.0,
            0.0
        ],
        [
            0.9800000190734863,
            0.0,
            0.0
        ],
        [
            0.0,
            -0.9800000190734863,
            0.0
        ],
        [
            0.0,
            0.0,
            0.10000000149011612
        ]
    ],
    "c": [
        0.0,
        0.0,
        0.0,
        0.0,
        0.0,
        -0.9800000190734863
    ],
    "lowerCoordinate": [
        3.65,
        4.3,
        2.95,
        2.0,
        -0.00010000000474974513,
        -0.00010000000474974513
    ],
    "upperCoordinate": [
        3.75,
        4.75,
        3.05,
        2.1,
        0.00010000000474974513,
        0.00010000000474974513
    ],
    "pathToStateDictionary": "./Networks/Quad-6-32-32-3.pth",
    "activation": "tanh",
    "boundingMethod": "firstOrder"
}